Seq_GLPG_ECOLI,Pos_GLPG_ECOLI,Seq_2NRF_ECOLI,Pos_2NRF_ECOLI
P,0,P,129
T,1,T,130
E,2,E,134
F,3,F,135
W,4,W,136
R,5,R,137
Y,6,Y,138
F,7,F,139
T,8,T,140
H,9,H,141
A,10,A,142
L,11,L,143
M,12,M,144
H,13,H,145
F,14,F,146
S,15,S,147
L,16,L,148
M,17,M,149
H,18,H,150
I,19,I,151
L,20,L,152
F,21,F,153
N,22,N,154
L,23,L,155
L,24,L,156
W,25,W,157
W,26,W,158
W,27,W,159
Y,28,Y,160
L,29,L,161
G,30,G,162
G,31,G,163
A,32,A,164
V,33,V,165
E,34,E,166
K,35,K,167
R,36,R,168
L,37,L,169
G,38,G,170
S,39,S,171
G,40,G,172
K,41,K,173
L,42,L,174
I,43,I,175
V,44,V,176
I,45,I,177
T,46,T,178
L,47,L,179
I,48,I,180
S,49,S,181
A,50,A,182
L,51,L,183
L,52,L,184
S,53,S,185
G,54,G,186
Y,55,Y,187
V,56,V,188
Q,57,Q,189
Q,58,Q,190
K,59,K,191
F,60,F,192
S,61,S,193
G,62,G,194
P,63,P,195
W,64,W,196
F,65,F,197
G,66,G,198
G,67,G,199
L,68,L,200
S,69,S,201
G,70,G,202
V,71,V,203
V,72,V,204
Y,73,Y,205
A,74,A,206
L,75,L,207
M,76,M,208
G,77,G,209
Y,78,Y,210
V,79,V,211
W,80,W,212
L,81,L,213
R,82,R,214
G,83,G,215
E,84,E,216
R,85,R,217
D,86,D,218
P,87,P,219
Q,88,Q,220
S,89,S,221
G,90,G,222
I,91,I,223
Y,92,Y,224
L,93,L,225
Q,94,Q,226
R,95,R,227
G,96,G,228
L,97,L,229
I,98,I,230
I,99,I,231
F,100,F,232
A,101,A,233
L,102,L,234
I,103,I,235
W,104,W,236
I,105,I,237
V,106,V,238
A,107,A,239
G,108,G,240
W,109,W,241
F,110,F,242
D,111,D,243
L,112,L,244
M,113,M,249
A,114,A,250
N,115,N,251
G,116,G,252
A,117,A,253
H,118,H,254
I,119,I,255
A,120,A,256
G,121,G,257
L,122,L,258
A,123,A,259
V,124,V,260
G,125,G,261
L,126,L,262
A,127,A,263
M,128,M,264
A,129,A,265
F,130,F,266
V,131,V,267
D,132,D,268
L,133,L,270
N,134,N,271
