Seq_GLPG_HAEIN,Pos_GLPG_HAEIN,Seq_2NR9_HAEIN,Pos_2NR9_HAEIN
E,0,D,47
E,1,S,48
E,2,E,49
V,3,V,50
W,4,W,51
R,5,R,52
Y,6,Y,53
I,7,I,54
S,8,S,55
H,9,H,56
T,10,T,57
L,11,L,58
V,12,V,59
H,13,H,60
L,14,L,61
S,15,S,62
N,16,N,63
L,17,L,64
H,18,H,65
I,19,I,66
L,20,L,67
F,21,F,68
N,22,N,69
L,23,L,70
S,24,S,71
W,25,W,72
F,26,F,73
F,27,F,74
I,28,I,75
F,29,F,76
G,30,G,77
G,31,G,78
M,32,M,79
I,33,I,80
E,34,E,81
R,35,R,82
T,36,T,83
F,37,F,84
G,38,G,85
S,39,S,86
V,40,V,87
K,41,K,88
L,42,L,89
L,43,L,90
M,44,M,91
L,45,L,92
Y,46,Y,93
V,47,V,94
V,48,V,95
A,49,A,96
S,50,S,97
A,51,A,98
I,52,I,99
T,53,T,100
G,54,G,101
Y,55,Y,102
V,56,V,103
Q,57,Q,104
N,58,N,105
Y,59,Y,106
V,60,V,107
S,61,S,108
G,62,G,109
P,63,P,110
A,64,A,111
F,65,F,112
F,66,F,113
G,67,G,114
L,68,L,115
S,69,S,116
G,70,G,117
V,71,V,118
V,72,V,119
Y,73,Y,120
A,74,A,121
V,75,V,122
L,76,L,123
G,77,G,124
Y,78,Y,125
V,79,V,126
F,80,F,127
I,81,I,128
R,82,R,129
D,83,D,130
K,84,K,131
L,85,L,132
N,86,N,133
H,87,H,134
H,88,H,135
L,89,L,136
F,90,F,137
D,91,D,138
L,92,L,139
P,93,P,140
E,94,E,141
G,95,G,142
F,96,F,143
L,97,L,147
L,98,L,148
V,99,V,149
G,100,G,150
I,101,I,151
A,102,A,152
L,103,L,153
G,104,G,154
F,105,F,155
I,106,I,156
S,107,S,157
P,108,P,158
L,109,L,159
F,110,F,160
G,111,G,161
V,112,V,162
M,113,M,164
G,114,G,165
N,115,N,166
A,116,A,167
A,117,A,168
H,118,H,169
I,119,I,170
S,120,S,171
G,121,G,172
L,122,L,173
I,123,I,174
V,124,V,175
G,125,G,176
L,126,L,177
I,127,I,178
W,128,W,179
G,129,G,180
F,130,F,181
I,131,I,182
D,132,D,183
L,133,S,184
R,134,K,185
